model,modality,kaldi_only,llm_only,shared,neither,r2_linear_additive,r2_nonlinear_separable,r2_nonlinear_joint,gap_nonlinear_separable,gap_interaction,V_kaldi_total,V_llm_total
whisper-base-enc,encoder,0.09483,0.22087,0.07654,0.60426,0.40894,0.60981,0.63764,0.20088,0.02783,0.17137,0.30441
whisper-small-enc,encoder,0.07498,0.25115,0.06609,0.60257,0.40975,0.59893,0.6314,0.18918,0.03247,0.14107,0.32765
whisper-medium-enc,encoder,0.06629,0.27468,0.06182,0.59155,0.42044,0.60127,0.63232,0.18082,0.03105,0.12811,0.34783
whisper-large-enc,encoder,0.06797,0.26959,0.06449,0.59191,0.42094,0.55621,0.60269,0.13527,0.04648,0.13246,0.34616
whisper-large-v2-enc,encoder,0.08939,0.19714,0.07053,0.63859,0.37409,0.55178,0.6021,0.17769,0.05032,0.15991,0.27639
whisper-large-v1-enc,encoder,0.067,0.24596,0.0631,0.61867,0.39313,0.5743,0.60832,0.18117,0.03402,0.1301,0.3196
whisper-base-dec,decoder,0.00316,0.36314,0.0535,0.56744,0.44603,0.49639,0.49525,0.05036,-0.00115,0.05666,0.44217
whisper-small-dec,decoder,0.00205,0.32791,0.05752,0.59709,0.41875,0.43187,0.42829,0.01312,-0.00358,0.05956,0.41631
whisper-medium-dec,decoder,0.00338,0.26476,0.02223,0.70397,0.30227,0.31423,0.31236,0.01195,-0.00186,0.02561,0.29831
whisper-large-dec,decoder,0.00418,0.18172,0.02231,0.78694,0.21872,0.21727,0.21617,-0.00145,-0.00109,0.02649,0.21372
whisper-large-v2-dec,decoder,0.00297,0.31237,0.03849,0.63616,0.37455,0.38621,0.38605,0.01166,-0.00015,0.04145,0.37089
whisper-large-v1-dec,decoder,0.00342,0.24,0.02806,0.72196,0.28541,0.27993,0.27399,-0.00548,-0.00594,0.03148,0.28119
